0,1,2,3,4,5,6
MelbourneDeveloper (Christian Findlay),20,0,6,34,5,https://github.com/MelbourneDeveloper
R-LadiesMelbourne (R-Ladies Melbourne),31,0,1,37,2,https://github.com/R-LadiesMelbourne
JacksonBates (Jackson Bates),45,0,22,64,18,https://github.com/JacksonBates
dmalone (Tim Malone),53,0,1.5k,36,179,https://github.com/tdmalone
hengfengli (Hengfeng Li),29,0,420,39,114,https://github.com/hengfengli
adam-gruer (Adam Gruer),102,0,263,53,135,https://github.com/adam-gruer
ludw1gj (Robert Ludwig Jeffs),23,0,63,14,1,https://github.com/ludw1gj
enhutchison (Ben Hutchison),97,0,41,45,8,https://github.com/benhutchison
sdr-melbourne (sdr-melbourne),5,0,0,11,1,https://github.com/sdr-melbourne
nicetrysean (Sean O'Dowd),14,0,62,18,6,https://github.com/nicetrysean
kcf-jackson (Jackson Kwok),34,0,88,25,30,https://github.com/kcf-jackson
astingsYoung (Hastings Yeung),21,0,294,28,39,https://github.com/HastingsYoung
ThomasBullock (Thomas Bullock),49,0,25,10,25,https://github.com/ThomasBullock
Ranhiru (Jude Ranhiru Cooray),42,0,238,7,2,https://github.com/Ranhiru
Plottel (Matt Noone),16,0,3,8,6,https://github.com/Plottel
hannah-be (Hannah Bourke),34,0,74,17,25,https://github.com/hannah-be
huwr (Huw Rowlands),15,0,21,12,17,https://github.com/huwr
nci90 (Isaac Keleher),25,0,30,22,30,https://github.com/inci90
dicook (Dianne Cook),57,0,4,288,0,https://github.com/dicook
ababushkin (Anton Babushkin),11,0,320,14,27,https://github.com/ababushkin
Melbourne Bioinformatics,31,0,0,0,0,https://github.com/melbournebioinformatics
YixiongDing (Yixiong),11,0,9,15,15,https://github.com/YixiongDing
mblode (Matthew Blode),57,0,672,98,2,https://github.com/mblode
OwenZh,22,0,87,22,26,https://github.com/OwenZhu
squizmelbourne (Squiz Melbourne),4,0,0,5,0,https://github.com/squizmelbourne
liufly (Fei Liu),16,0,10,26,2,https://github.com/liufly
martiningram (Martin Ingram),29,0,24,15,7,https://github.com/martiningram
subasinghe (Isitha Subasinghe),34,0,123,8,6,https://github.com/isubasinghe
lukeylunchbox (Luke),22,0,2,19,18,https://github.com/lukeylunchbox
davrosull (David),19,0,174,9,9,https://github.com/davrosull
rycehanscomb (Bryce Hanscomb),18,0,0,5,0,https://github.com/brycehanscomb
BenjaminLiCN (Benjamin Jingyi Li),8,0,6,6,10,https://github.com/BenjaminLiCN
jayjamero (Jay Jamero),8,0,89,10,12,https://github.com/jayjamero
melbournemade (Melbourne Made Apps),2,0,4,3,0,https://github.com/melbournemade
pixelstorm (pixelstorm),99,0,10,4,24,https://github.com/pixelstorm
mothydcole (Timothy Cole),11,0,1,22,45,https://github.com/timothydcole
rogerclarkmelbourne (Roger Clark),59,0,12,468,0,https://github.com/rogerclarkmelbourne
3stacks (Luke Boyle),39,0,22,6,3,https://github.com/3stacks
rcgary (Chao Ruan),27,0,1.1k,17,30,https://github.com/rcgary
Melbourne C++,20,0,0,0,0,https://github.com/melbourne-cpp
AaronRutley (Aaron Rutley),25,0,52,48,35,https://github.com/AaronRutley
xingjunm (Xingjun Ma),15,0,24,13,2,https://github.com/xingjunm
oldermcdonald (David McDonald),13,0,1,5,8,https://github.com/oldermcdonald
AngelaaChan (Angela Chan),5,0,1,7,19,https://github.com/AngelaaChan
gl3nda85 (Dylan Aird),45,0,5,12,21,https://github.com/gl3nda85
clint77 (Clint),66,0,28,30,62,https://github.com/clint77
eyeonechi (Ivan Chee),18,0,0,14,33,https://github.com/eyeonechi
Dovermore (Zhuoqun Calvin Huang),18,0,38,14,8,https://github.com/Dovermore
cjpillette (Carole Pillette),34,0,3,10,2,https://github.com/cjpillette
Melbourne Maker Space,12,0,0,0,0,https://github.com/MelbourneMakerSpace
Melbourne Cocoaheads,12,0,0,0,0,https://github.com/melbournecocoa
peterneish (Peter Neish),32,0,30,8,1,https://github.com/peterneish
noneuclideangirl (Eleanor McMurtry),19,0,4,36,11,https://github.com/noneuclideangirl
Melbourne IT,12,0,0,0,0,https://github.com/melbourneit
chengengliu (Chengeng Liu),30,0,88,8,60,https://github.com/chengengliu
micxmusic (Michelle Anggana),7,0,0,6,9,https://github.com/micxmusic
enanders (Ben Anderson),13,0,98,34,4,https://github.com/benanders
dylan-t02 (Dylan),6,0,10,5,5,https://github.com/dylan-t02
alistairmartin (Alistair Martin),13,0,17,11,4,https://github.com/alistairmartin
eeeeeegz (Michael Tigas),9,0,40,7,2,https://github.com/teeeeeegz
mkarutz (Malcolm Karutz),17,0,3,11,0,https://github.com/mkarutz
dan4w (Daniel Chan),9,0,4,2,3,https://github.com/dan4w
samwarburton (Sam Warburton),7,0,9,4,7,https://github.com/samwarburton
agudeloandres (@agudeloandres),37,0,5,2,1,https://github.com/agudeloandres
chuaccheng (Cheng Chua),20,0,75,20,59,https://github.com/chuaccheng
ChuanyuanLiu (chuanyuan liu),6,0,6,7,24,https://github.com/ChuanyuanLiu
arbinLc2014 (RockyLC),31,0,2,2,3,https://github.com/HarbinLc2014
klarryonline (Luan Nguyen),33,0,78,17,13,https://github.com/tklarryonline
shreyashpatodia (Shreyash Patodia),53,0,252,28,28,https://github.com/shreyashpatodia
smwindecker (Saras Windecker),20,0,7,24,28,https://github.com/smwindecker
obycmurray (Toby Murray),6,0,0,6,1,https://github.com/tobycmurray
fredliao123 (Fred Liao),17,0,2,4,29,https://github.com/fredliao123
noc7c9 (Athir Saleem),22,0,81,5,2,https://github.com/noc7c9
mason1002 (mason),15,0,16,4,6,https://github.com/mason1002
samuel-x (Samuel Xu),25,0,57,18,20,https://github.com/samuel-x
RainRush (Daniel Hu),32,0,39,4,8,https://github.com/RainRush
OpticGenius (Armaan Mcleod),23,0,31,18,32,https://github.com/OpticGenius
OliviaAo (AoLi),13,0,0,7,4,https://github.com/OliviaAo
mmcnamara (Tim McNamara),11,0,3,4,2,https://github.com/timmcnamara
kael89 (Kostas Karvounis),7,0,32,8,10,https://github.com/kael89
jarshwah (Josh Smeaton),44,0,39,94,2,https://github.com/jarshwah
lsp0 (Liam Saliba),16,0,15,6,4,https://github.com/lsp0
hughe1 (Hugo Edwards),9,0,0,7,5,https://github.com/hughe1
mehnomy (Byron Fisher),3,0,18,7,3,https://github.com/mehnomy
cahamilton (Carl Hamilton),23,0,59,14,15,https://github.com/cahamilton
ohofmann (Oliver Hofmann),9,0,10,17,1,https://github.com/ohofmann
BinuraG (Binura Gunasekara),21,0,27,11,18,https://github.com/BinuraG
mustafaneguib (Mustafa Neguib),20,0,20,11,7,https://github.com/mustafaneguib
volkovacodes (Ekaterina Volkova),4,0,2,6,1,https://github.com/volkovacodes
PyLadies Melbourne,10,0,0,0,0,https://github.com/pyladiesmelbourne
levlafayette (Lev Lafayette),9,0,7,16,0,https://github.com/levlafayette
qdenisq (Denis Shitov),15,0,0,3,0,https://github.com/qdenisq
jonathanly (Jonathan Ly),22,0,8,11,14,https://github.com/jonathanly
matooth (Tim Sullivan),47,0,187,15,46,https://github.com/timatooth
JamesCreaton (James Creaton),5,0,4,5,4,https://github.com/JamesCreaton
anXudong (xudong han),3,0,6,6,0,https://github.com/HanXudong
seanny1986 (Sean Morrison),20,0,1,4,0,https://github.com/seanny1986
kochie (Robert Koch),84,0,226,38,33,https://github.com/kochie
nictar (Nico Dinata),12,0,121,11,27,https://github.com/nictar
natebwangsut (Nate Bhurinat Wangsutthitham),27,0,43,8,5,https://github.com/natebwangsut
nicholasnbg (Nick Gray),45,0,27,6,5,https://github.com/nicholasnbg
harryleau (Harry Le),21,0,0,2,1,https://github.com/harryleau
shawarmawolf (mitch),7,0,4,2,0,https://github.com/shawarmawolf
levibuzolic (Levi Buzolic),54,0,176,33,30,https://github.com/levibuzolic
flickon (Morry Niu),19,0,23,8,6,https://github.com/flickon
Sameer2307 (Sameer Saxena),20,0,5,8,10,https://github.com/Sameer2307
rjohnsondev (Richard Johnson),24,0,59,44,0,https://github.com/rjohnsondev
jessicaGithub (Jessica Jeong),7,0,1,5,0,https://github.com/jessicaGithub
crushoncode (Serina Ko),62,0,116,29,23,https://github.com/crushoncode
rvalavi (Roozbeh Valavi),4,0,8,16,24,https://github.com/rvalavi
hsjharvey (Harvey Huang),11,0,27,4,9,https://github.com/hsjharvey
Melbourne Wireless,3,0,0,0,0,https://github.com/MelbourneWireless
SongGithub (Song Jin),41,0,53,5,17,https://github.com/SongGithub
matthaywardwebdesign (Matt Hayward),30,0,98,37,11,https://github.com/matthaywardwebdesign
shibbirhossain (Shibbir Hossain),9,0,4,2,4,https://github.com/shibbirhossain
abryxx7 (Gabriele Marini),15,0,81,16,12,https://github.com/Gabryxx7
vaevictis (guillaume hammadi),25,0,9,5,2,https://github.com/vaevictis
MerlinLee (Merlin Lee),21,0,24,6,12,https://github.com/MerlinLee
sidechain-studio (Sidechain),15,0,0,3,1,https://github.com/sidechain-studio
vixplows,58,0,8,5,2,https://github.com/vixplows
PeterPlucinski (Peter Plucinski),12,0,4,2,7,https://github.com/PeterPlucinski
ntoand (Toan Nguyen),33,0,96,4,1,https://github.com/ntoand
Wentong-Liu (Wentong Liu),6,0,17,4,4,https://github.com/Wentong-Liu
Unimelb Research Platform DevOps Team,43,0,0,0,0,https://github.com/UoM-ResPlat-DevOps
MrMelbourne (MrMelbourne),9,0,0,0,0,https://github.com/MrMelbourne
miclgael (Michael Gale),8,0,72,4,11,https://github.com/miclgael
enshi13 (Ethan HO),24,0,37,5,7,https://github.com/tenshi13
LislPisl (Elisabeth Roesch),9,0,1,2,3,https://github.com/LislPisl
OlgaBarrett (Olga Barrett),0,0,0,5,116,https://github.com/OlgaBarrett
SIakovlev (Sergey Iakovlev),23,0,8,4,3,https://github.com/SIakovlev
ketanmistry (Ketan Mistry),4,0,14,3,0,https://github.com/ketanmistry
piyalshuvro (Piyal Shuvro),10,0,0,7,0,https://github.com/piyalshuvro
drewtech (Andrew Widdowson),15,0,19,0,0,https://github.com/drewtech
skanwal (Sehrish Kanwal),18,0,3,5,9,https://github.com/skanwal
la (Eliza Gilbert ),2,0,8,6,8,https://github.com/Guila
chandrasekara (Dhilan Chandrasekara),8,0,5,2,0,https://github.com/chandrasekara
rrdesignwe,4,0,0,3,2,https://github.com/rrdesignweb
cynthiahqy (cynthiahqy),9,0,13,3,4,https://github.com/cynthiahqy
Elkfox,14,0,0,0,0,https://github.com/Elkfox
sahuang (Kevin Xu),4,0,7,18,15,https://github.com/sahuang
Melbourne Xamarin Group,3,0,0,0,0,https://github.com/MelbourneXamarin
"knowlabUnimelb (Knowledge, Information & Learning Lab)",6,0,0,3,1,https://github.com/knowlabUnimelb
danula (Danula Eranjith),26,0,10,0,0,https://github.com/danula
Melbourne IT Dev,2,0,0,0,0,https://github.com/melbourneitdev
ngweihow (Wei How ),24,0,21,16,21,https://github.com/ngweihow
michaelwebb76 (Michael Webb),14,0,28,4,9,https://github.com/michaelwebb76
Blue Frog Software,24,0,0,0,0,https://github.com/bluefrogsoftware
BradleyJrichardson (Bradley Jake Richardson),23,0,23,1,3,https://github.com/BradleyJrichardson
emanmacario (Emmanuel Macario),32,0,18,0,1,https://github.com/emanmacario
swapnilsharma90 (Swapnil Sharma),15,0,5,0,4,https://github.com/swapnilsharma90
MelbJVM,21,0,0,0,0,https://github.com/melbjvm
stroehleina (Andreas Stroehlein),3,0,6,4,6,https://github.com/stroehleina
yuchenQ (Yuchen Qiao),20,0,6,1,0,https://github.com/yuchenQ
andy072202 (Andy Chen),1,0,3,3,1,https://github.com/andy072202
Chromatix Web Design,37,0,0,0,0,https://github.com/ChromatixAU
SiteHuang (Site Huang (Shawn)),2,0,8,5,5,https://github.com/SiteHuang
alastairpat (Alastair Paterson),2,0,18,9,0,https://github.com/alastairpat
enjigreig (Benji Greig),4,0,12,5,0,https://github.com/benjigreig
Mystr,5,0,0,0,0,https://github.com/Mystr-Melbourne
andi23 (Andi Samijono),8,0,0,0,0,https://github.com/andi23
Connected Community HackerSpace (Melbourne),23,0,0,0,0,https://github.com/CCHS-Melbourne
gomesc166,4,0,11,2,2,https://github.com/gomesc166
ptolmachev (Pavel),18,0,1,3,2,https://github.com/ptolmachev
AidanGG (Aidan Dang),2,0,48,9,3,https://github.com/AidanGG
johngarg (John Gargalionis),6,0,2,5,9,https://github.com/johngarg
stefangiapantzakis (Stefan Giapantzakis),2,0,0,3,0,https://github.com/stefangiapantzakis
alimahmoudi29 (Ali Mahmoudi),26,0,1,1,1,https://github.com/alimahmoudi29
jianch (Jian Chen),17,0,4,1,5,https://github.com/jianch
maniarora (Manindra Arora),1,0,1,6,7,https://github.com/maniarora
ZhangzihanGit (Zihan Zhang),8,0,0,0,0,https://github.com/ZhangzihanGit
Menara Solutions,16,0,0,0,0,https://github.com/MenaraSolutions
agolicz (Agnieszka Golicz),4,0,0,5,3,https://github.com/agolicz
mattrobertsonme (Matt Robertson),9,0,1,0,0,https://github.com/mattrobertsonme
sveloo (Sanjeev Veloo),10,0,6,0,0,https://github.com/sveloo
jaxxon33 (Paul Young),11,0,20,1,10,https://github.com/jaxxon33
mdb01 (Michael),14,0,1,0,0,https://github.com/mdb01
martin-luo (Martin Luo),15,0,36,1,10,https://github.com/martin-luo
llusional (Michael Franklin),7,0,11,4,3,https://github.com/illusional
Papercloud,91,0,0,0,0,https://github.com/Papercloud
BeginnerRudy (rudy renjie meng),16,0,8,3,5,https://github.com/BeginnerRudy
dylanjmcconnell (Dylan McConnell),7,0,3,4,0,https://github.com/dylanjmcconnell
jimbo88 (Jim Smith),9,0,11,0,4,https://github.com/jimbo88
DeftCorg,19,0,13,1,3,https://github.com/DeftCorgi
57shota (Sho),20,0,5,2,2,https://github.com/57shota
vincent916735 (Xueyang Ding),10,0,1,3,1,https://github.com/vincent916735
kplates (kplates),11,0,11,1,6,https://github.com/kplates
katerobsau (Kate Saunders),2,0,2,7,3,https://github.com/katerobsau
Commodity Creative,13,0,0,0,0,https://github.com/naughton-and-ross
olang Melbourne,3,0,0,0,0,https://github.com/golang-melbourne
playgroundscon (Playgrounds),3,0,1,23,0,https://github.com/playgroundscon
DIT4C,74,0,0,0,0,https://github.com/dit4c
Melbourne JS Workshops,7,0,0,0,0,https://github.com/JSWorkshops
superkaskus (Rahim),12,0,1,1,0,https://github.com/superkaskus
shailee279 (Swapnil Shailee),12,0,0,0,0,https://github.com/shailee279
chuan (TTAN),6,0,6,0,0,https://github.com/tchuan
ChrispyDesign (Christopher Poermandya),7,0,2,0,0,https://github.com/ChrispyDesign
jaswanthm (Jaswanth),5,0,16,4,2,https://github.com/jaswanthm
EthanChenYen-Peng (Yenpeng chen (Ethan)),11,0,0,0,0,https://github.com/EthanChenYen-Peng
ranaalisaeed (Ali Rana),17,0,53,2,3,https://github.com/ranaalisaeed
Adi789 (Aditya),7,0,0,0,0,https://github.com/Adi789
Weboptimizers (Weboptimizers),7,0,4,0,0,https://github.com/Weboptimizers
rongyadong (Yadong Rong),22,0,22,2,12,https://github.com/rongyadong
rickygeng (Ricky Geng),4,0,9,2,4,https://github.com/rickygeng
ngmarchant (Neil Marchant),3,0,10,5,9,https://github.com/ngmarchant
lachlansleight (Lachlan Sleight),11,0,2,4,0,https://github.com/lachlansleight
jsnl85 (Joao Samuel Lopes),9,0,0,1,1,https://github.com/jsnl85
akshat172 (Akshat Gupta),17,0,5,2,6,https://github.com/akshat172
squareyes,5,0,0,0,0,https://github.com/Squareyes
danielpowney (Daniel Powney),5,0,4,13,0,https://github.com/danielpowney
marcosposada (Marcos Posada),13,0,6,2,1,https://github.com/marcosposada
marcosposada (Marcos Posada),13,0,6,2,1,https://github.com/marcosposada
ramamoorthyv (Ramamoorthy Villi),16,0,11,1,5,https://github.com/ramamoorthyv
carruthersandco (Carruthers),11,0,0,0,0,https://github.com/carruthersandco
Yump,7,0,0,0,0,https://github.com/YumpDigital
zaadie (Zaadie Fourie),16,0,21,2,13,https://github.com/zaadie
ksanmugam (Kirentheren Sanmugam),2,0,0,2,4,https://github.com/ksanmugam
alenb (Alen Birindzic),7,0,59,5,2,https://github.com/alenb
gamma032steam (Matthew Lui),7,0,6,3,8,https://github.com/gamma032steam
Microbee23,8,0,2,1,0,https://github.com/Microbee23
flowergrass (Rami Ali),8,0,16,3,4,https://github.com/flowergrass
SamDesmondKing (Sam King),9,0,6,1,1,https://github.com/SamDesmondKing
kristianw (Kristian Walsh),9,0,2,0,0,https://github.com/kristianw
heinbez (Heinrich Bezuidenhout),5,0,143,3,3,https://github.com/heinbez
ksashok (KS Ashok),14,0,8,2,5,https://github.com/ksashok
The Melbourne Camera Cl,1,0,0,0,0,https://github.com/melbournephoto
shn2016 (Kai GAO),17,0,3,0,6,https://github.com/shn2016
alexchen-melbourne (alexchen),21,0,4,1,3,https://github.com/alexchen-melbourne
Melbourne Symfony2 Community,5,0,0,0,0,https://github.com/MelbSymfony2
Metro Trains Melbourne,5,0,0,0,0,https://github.com/metrotrains
melbourne161265 (Nenad Maric),0,0,0,0,0,https://github.com/melbourne161265
melbourneboy (Mark),1,0,0,0,0,https://github.com/melbourneboy
qianqian1535 (Qianqian Zheng),7,0,2,1,1,https://github.com/qianqian1535
gtsambos (Georgia Tsambos),12,0,3,1,0,https://github.com/gtsambos
CasparKoutsoukis (Caspar Koutsoukis),4,0,0,0,0,https://github.com/CasparKoutsoukis
Melbourne High School,0,0,0,0,0,https://github.com/MelbourneHighSchool
sakpals (Sampada Sakpal),14,0,0,0,0,https://github.com/sakpals
nikiki1130,13,0,0,0,0,https://github.com/nikiki1130
ratihpp (Ratih Putri Pertiwi),6,0,0,0,0,https://github.com/ratihpp
garymooney (Gary Mooney),14,0,61,6,10,https://github.com/garymooney
rubinstein (Benjamin Rubinstein),2,0,6,4,1,https://github.com/brubinstein
lpbayliss (Luke Bayliss),4,0,3,1,0,https://github.com/lpbayliss
edc123 (Ed Cheng),14,0,6,3,6,https://github.com/edc123
alegione (Alistair Legione),22,0,41,2,11,https://github.com/alegione
miao-cao (Miao Cao),5,0,5,1,3,https://github.com/miao-cao
Calvary Chapel Melbourne,4,0,0,0,0,https://github.com/calvaryccm
you68681 (Chao),6,0,1,0,0,https://github.com/you68681
cfoge (Robert D Jordan),2,0,2,4,1,https://github.com/cfoge
sreenath (Sreenath T V),9,0,2,0,0,https://github.com/sreenath
chrischapman82 (Christopher Chapman),20,0,5,2,4,https://github.com/chrischapman82
andrewauxilio (Andrew Auxilio),3,0,0,0,0,https://github.com/andrewauxilio
gregmoskovitch (Greg Moskovitch),2,0,0,4,16,https://github.com/gregmoskovitch
IkonDev (IkonDev),4,0,0,0,1,https://github.com/IkonDev
cskemp (Charles Kemp),2,0,0,4,0,https://github.com/cskemp
Drupal Melbourne,2,0,0,0,0,https://github.com/drupalmel
whitewolf33 (Vinod Srinivasan),9,0,0,3,3,https://github.com/whitewolf33
NSI La,6,0,0,0,0,https://github.com/unimelb-networkedsociety
Melbourne School of Design,3,0,0,0,0,https://github.com/unimelb-msd
eorginaTippett (Georgina Tippett),8,0,0,0,0,https://github.com/GeorginaTippett
nambii (Ebin Joshy Nambiaparambil),9,0,0,0,0,https://github.com/nambii
Rails Girls Melbourne,3,0,0,0,0,https://github.com/railsgirlsmelbourne
Echowe,3,0,0,0,0,https://github.com/echowebau
Digital Arts Network Melbourne,3,0,0,0,0,https://github.com/DigitalArtsNetworkMelbourne
edchtzwe (Edmund Chong Tze Wei),21,0,0,0,0,https://github.com/edchtzwe
lynnchin (Lynn Chin),23,0,6,0,0,https://github.com/lynnchin
DanielMajoinen (Daniel Majoinen),5,0,5,1,0,https://github.com/DanielMajoinen
dlmonnink (Daryl Monnink),2,0,0,2,0,https://github.com/dlmonnink
aryanbansal499 (Aryan Bansal),8,0,0,0,0,https://github.com/aryanbansal499
kdharuman (Kanagaraj Dharuman Muthaiah),21,0,0,0,0,https://github.com/kdharuman
appleV (Virginia),4,0,1,0,0,https://github.com/appleV
qianrunyu (Gary Qian),3,0,0,0,0,https://github.com/qianrunyu
peter-cudmore (Peter Cudmore),5,0,8,2,2,https://github.com/peter-cudmore
The Hader Clinic,0,0,0,0,0,https://github.com/thehaderclinic
pzinn (Paul Zinn-Justin),5,0,0,2,0,https://github.com/pzinn
aylorbett (Taylor Bett),10,0,6,4,4,https://github.com/taylorbett
zozozhang (Zoe Zhang),4,0,0,0,0,https://github.com/zozozhang
JaiLaff (Jai Lafferty),4,0,1,0,0,https://github.com/JaiLaff
e07593 (Anthony),6,0,0,1,0,https://github.com/e07593
ehsan-hamzei (Ehsan Hamzei),4,0,1,2,1,https://github.com/ehsan-hamzei
f-monsa (Fabio Monsalve),6,0,0,0,0,https://github.com/f-monsa
essedirisinghe (Sampath Edirisinghe),4,0,0,0,0,https://github.com/essedirisinghe
AnubhavKafle (Anubhav Kaphle),20,0,0,2,10,https://github.com/AnubhavKafle
PhalanxHead (Luke Hedt),16,0,1,0,2,https://github.com/PhalanxHead
Melbourne Hack Nights for Humanity,4,0,0,0,0,https://github.com/OpenMRS-Australia
danieljprice (Daniel Price),6,0,1,4,0,https://github.com/danieljprice
lley (Thomas D Hulley),6,0,0,0,0,https://github.com/Hulley
Capoeira Melbourne,1,0,0,0,0,https://github.com/Capoeira-Melbourne
raphQL Melbourne,2,0,0,0,0,https://github.com/graphql-melbourne
Mixup Melbourne,1,0,0,0,0,https://github.com/mixupmelbourne
daphnecharles (Daphne Charles),12,0,27,0,0,https://github.com/daphnecharles
awfiqul-islam (Tawfiqul Islam),12,0,6,1,5,https://github.com/tawfiqul-islam
Bradels (Brad Hill),3,0,0,0,0,https://github.com/Bradels
ChrisTMChen (Christopher Chen),5,0,0,0,0,https://github.com/ChrisTMChen
Flutter Melbourne,1,0,0,0,0,https://github.com/fluttermelbourne
maliRatnayake (Himali Ratnayake),4,0,0,0,0,https://github.com/HimaliRatnayake
PhilippeAPPS (PhilippeMelbourne),0,0,0,0,0,https://github.com/PhilippeAPPS
zhijia25 (Zhijia Lu),10,0,0,0,2,https://github.com/zhijia25
sc0ttdav3y (Scott Davey),10,0,8,1,1,https://github.com/sc0ttdav3y
Floor Sanding Melbourne,2,0,0,0,0,https://github.com/PrestigeFloorSanding
RyanBabij (Ryan Babij),6,0,77,2,8,https://github.com/RyanBabij
eninverno (Ben Inverno),11,0,0,1,1,https://github.com/beninverno
jessicalovejoy (Jessica Warburton),2,0,17,1,1,https://github.com/jessicalovejoy
Team Melbourne RGSoC 2015,3,0,0,0,0,https://github.com/team-melbourne-rgsoc2015
yousufhasan (Yousuf Hasan),10,0,0,1,0,https://github.com/yousufhasan
wheredidgogogo (Anthony Gherghetta),4,0,91,0,4,https://github.com/wheredidgogogo
omelabs (Tom Edwards),5,0,54,2,9,https://github.com/tomelabs
s3723996 (Zaadie Fourie),1,0,0,3,3,https://github.com/s3723996
jporich (Jimmy Porich),4,0,0,0,0,https://github.com/jporich
BentleyTurner (Bentley Turner),4,0,0,0,0,https://github.com/BentleyTurner
hazim-j (Hazim J),0,0,31,2,0,https://github.com/hazim-j
Phoebe0222,8,0,6,1,1,https://github.com/Phoebe0222
aussiebob (Bob  Dixon),2,0,0,0,0,https://github.com/aussiebob
sunny3p (Sunny Patel),8,0,24,1,4,https://github.com/sunny3p
calebfletcher (Caleb Fletcher),15,0,2,1,1,https://github.com/calebfletcher
rstMembrane (Liam Power),2,0,6,2,3,https://github.com/burstMembrane
acj1971 (Adam Craig Johnston),1,0,9,2,6,https://github.com/acj1971
Medialigh,3,0,0,0,0,https://github.com/MeccaMedialight
lecook (Laura Cook),3,0,0,1,1,https://github.com/lecook
yohan-midha (Yohan Midha),2,0,0,1,1,https://github.com/yohan-midha
EvelynGYX (Evelyn Guo),15,0,0,0,0,https://github.com/EvelynGYX
alantsen (Alan Tsen),16,0,6,0,0,https://github.com/alantsen
SamHolt25 (Sam Holt),8,0,1,1,0,https://github.com/SamHolt25
DBerke (Daniel Berke),4,0,3,2,0,https://github.com/DBerke
zcy921716 (Chenyuan Zhang),7,0,0,0,1,https://github.com/zcy921716
keithmarvin (Keith Marvin),2,0,0,1,1,https://github.com/keithmarvin
Trinity College,7,0,0,0,0,https://github.com/Trinity-College
Rahulkg007 (Rahul K Gupta),15,0,5,0,2,https://github.com/Rahulkg007
rsbyrne (Rohan S Byrne),7,0,2,1,1,https://github.com/rsbyrne
Calamaricakes (Lai Nge Nern),2,0,0,0,0,https://github.com/Calamaricakes
Sourabh16 (SourabhK),6,0,0,0,3,https://github.com/Sourabh16
samchungy (Sam Chung),6,0,1,1,0,https://github.com/samchungy
jberkers42 (John Berkers),2,0,0,1,0,https://github.com/jberkers42
kjgre10 (Kian Gregory),3,0,0,1,1,https://github.com/kjgre10
"The University of Melbourne, eScholarship Research Centre",15,0,0,0,0,https://github.com/esrc-unimelb
ramonastudygame (Ramona from Australia),5,0,0,0,0,https://github.com/ramonastudygame
martyf (Marty Friedel),6,0,2,1,0,https://github.com/martyf
plent (Pia Lentini),0,0,0,3,0,https://github.com/plent
luiseiherrera (Luis E. I. Herrera),12,0,4,0,0,https://github.com/luiseiherrera
UMISC,6,0,0,0,0,https://github.com/umisc
"Language Technology Group, University of Melbourne",4,0,0,0,0,https://github.com/langtech
vi- (Victor Ivanov),5,0,0,0,0,https://github.com/vi-
Fair Digital,5,0,0,0,0,https://github.com/FairDigital
swapnilogale (Swapnil Ogale),5,0,0,0,0,https://github.com/swapnilogale
nfolioproperty (Infolio Property Advisors Melbourne),0,0,0,0,0,https://github.com/infolioproperty
fordes100 (Fordes Conveyancing Melbourne),0,0,0,0,0,https://github.com/fordes100
sbrereton (Samuel Brereton),0,0,0,0,0,https://github.com/sbrereton
marielleloui (Marielle Louise Cruz),5,0,0,0,0,https://github.com/marielleloui
zhouych87 (Yecheng Zhou),8,0,0,1,0,https://github.com/zhouych87
The Phonetics Laboratory Unimel,5,0,0,0,0,https://github.com/PhonLab
ea-melbourne (Effective Altruism Melbourne),1,0,0,0,0,https://github.com/ea-melbourne
xiaobaimao1223 (小白猫～),1,0,0,1,0,https://github.com/xiaobaimao1223
Clemenger BBDO Melbourne,0,0,0,0,0,https://github.com/ClemengerBBDOMelbourne
xiaobaimao1223 (小白猫～),1,0,0,1,0,https://github.com/xiaobaimao1223
lassBackSplash (Glass Splashbacks Melbourne),0,0,0,0,0,https://github.com/GlassBackSplash
ea-melbourne (Effective Altruism Melbourne),1,0,0,0,0,https://github.com/ea-melbourne
Rionay (Da Huo),1,0,0,0,0,https://github.com/Rionay
ntrotech (IntroTech),0,0,0,0,0,https://github.com/introtech
NLObedear (Nicholas Laverty),2,0,0,0,0,https://github.com/NLObedear
hanjacobs770 (Han Jacobs),4,0,0,0,0,https://github.com/hanjacobs770
warrenwuyangqian (warren),8,0,0,0,1,https://github.com/warrenwuyangqian
polymaster (water tanks melbourne),0,0,0,0,0,https://github.com/polymaster
Melbourne Integrative Genomics (MIG),1,0,0,0,0,https://github.com/melbintgen
JohanMouchet (Johan Mouchet),2,0,57,0,1,https://github.com/JohanMouchet
yrondowns (Byron Downs),2,0,31,0,1,https://github.com/byrondowns
nvurted (Adam Jones),4,0,0,0,0,https://github.com/invurted
JoelOchoa (Joel),2,0,0,0,0,https://github.com/JoelOchoa
Tscong (Tianshu Cong),2,0,0,0,0,https://github.com/Tscong
Vuers In Melbourne,1,0,0,0,0,https://github.com/VuersInMelbourne
hfarooqui98 (Hummad Farooqui),7,0,0,1,1,https://github.com/hfarooqui98
SplashbackGlass (Glass Splashbacks Melbourne),0,0,0,0,0,https://github.com/SplashbackGlass
BarCampMelbourne,1,0,0,0,0,https://github.com/BarCampMelbourne
IsaacPC95 (Isaac Ceff),1,0,0,0,0,https://github.com/IsaacPC95
Total Cleaning Melbourne,0,0,0,0,0,https://github.com/totalcarpetcleaningmelbourne
SEO-Expert-Melbourne (SEO Specialist in Melbourne),0,0,0,0,0,https://github.com/SEO-Expert-Melbourne
SplashbackGlass (Glass Splashbacks Melbourne),0,0,0,0,0,https://github.com/SplashbackGlass
BarCampMelbourne,1,0,0,0,0,https://github.com/BarCampMelbourne
Effective Altruism Melbourne,1,0,0,0,0,https://github.com/EAMelbourne
mouseloansau (Home Loan Melbourne),0,0,0,0,0,https://github.com/mouseloansau
s3485754 (Ryan Bargholz),0,0,0,0,0,https://github.com/s3485754
Korean Language School of Melbourne,0,0,0,0,0,https://github.com/korean-language-school-of-melbourne
egor-sadanov (Egor),2,0,0,0,0,https://github.com/egor-sadanov
amishAM (Hamish Alexander McKie),2,0,0,1,1,https://github.com/HamishAM
studiopda (Studio PDA),2,0,0,0,0,https://github.com/studiopda
sidharth (Sidharth),4,0,0,0,2,https://github.com/bsidharth
AsifIqbal8739 (Asif Iqbal),5,0,0,0,0,https://github.com/AsifIqbal8739
stevezissou2013 (Web Development Melbourne ),0,0,0,0,0,https://github.com/stevezissou2013
carlosesierra (carlosesierra),7,0,0,0,0,https://github.com/carlosesierra
6 Sense We,3,0,0,0,0,https://github.com/6-Sense-Web
chongpuliu (Neal),0,0,0,0,0,https://github.com/chongpuliu
eneral Assembly Melbourne,0,0,0,0,0,https://github.com/generalassembly-mel
stevekambouris (Steve Kambouris),6,0,0,0,0,https://github.com/stevekambouris
monksinha (Utkarsh Sinha),14,0,8,1,14,https://github.com/monksinha
shao-wang-me (Shao Wang),4,0,61,1,21,https://github.com/shao-wang-me
khalilFrough (Khalil Frough),13,0,0,0,0,https://github.com/khalilFrough
Kiana Beauty Melbourne,0,0,0,0,0,https://github.com/Kiana-Beauty-Melbourne
Khronos Melbourne Chapter,1,0,0,0,0,https://github.com/khronos-melbourne-chapter
JeremyTaylor93 (Jeremy Taylor),6,0,0,0,0,https://github.com/JeremyTaylor93
durance (Ben),2,0,0,0,0,https://github.com/bdurance
The Melbourne eResearch Group,0,0,0,0,0,https://github.com/press-unimelb
demadrag (Ed Gardam),3,0,0,0,0,https://github.com/demadrag
prasannar10021991 (Prasanna Kumar Ravi),12,0,2,1,0,https://github.com/prasannar10021991
"Cell Structure and Mechanobiology Group, University of Melbourne",5,0,0,0,0,https://github.com/CellSMB
ViCloud Solutions,3,0,0,0,0,https://github.com/ViCloudAustralia
raulmarino23 (Raul Marirno),0,0,0,0,0,https://github.com/raulmarino23
nvinai (Nikhil Vinai Paliath),5,0,2,1,4,https://github.com/nvinai
LuChenyang3842 (Chenyang Lu),5,0,6,0,2,https://github.com/LuChenyang3842
zacdicko (Zac Dickerson),3,0,0,0,4,https://github.com/zacdicko
cmatc13 (Callum Matchett),12,0,0,0,0,https://github.com/cmatc13
sebastiancsmap (Sebastian Cortes),3,0,1,0,0,https://github.com/sebastiancsmap
MSD Robotics,1,0,0,0,0,https://github.com/MSDRobotics
joshzee (Josh Zarazovski),0,0,0,1,1,https://github.com/joshzee
"Argus Exchange, Inc.",1,0,0,0,0,https://github.com/ArgusX
philyum (Phil Yum),3,0,0,2,1,https://github.com/philyum
mjsma5 (Matt Small),10,0,1,0,0,https://github.com/mjsma5
aliteham,5,0,0,1,11,https://github.com/alitehami
maleakhiw (Maleakhi Agung Wijaya),5,0,1,1,5,https://github.com/maleakhiw
shardapratti (Sharda P Pratti),0,0,0,1,0,https://github.com/shardapratti
duriber (David . Uribe-Rivera),0,0,0,0,3,https://github.com/duriber
yinghaoz1 (Yinghao Zhang),12,0,0,0,0,https://github.com/yinghaoz1
robertmahar (Robert Mahar),0,0,0,2,0,https://github.com/robertmahar
cordanwraith (Coen Ambry),1,0,0,1,0,https://github.com/cordanwraith
Reseach Unit for Indigenous Language,1,0,0,0,0,https://github.com/RUIL-Unimelb
rahulsamanta (Rahul Samanta),1,0,0,0,0,https://github.com/rahulsamanta
BBflyfish (Jingjing Lu),0,0,0,0,1,https://github.com/BBflyfish
DJPrice10 (David J. Price),4,0,1,1,0,https://github.com/DJPrice10
DarylWM (Daryl Wilding-McBride),4,0,7,0,0,https://github.com/DarylWM
SteveTleard,0,0,18,0,5,https://github.com/SteveTleard
ruggerod (Ruggero de Vita),9,0,7,0,2,https://github.com/ruggerod
migapipo (Xiaoyu),2,0,0,0,2,https://github.com/migapipo
Jollus88 (Joel Sweetman),8,0,16,1,3,https://github.com/Jollus88
surjitr (Surjit ),9,0,0,0,0,https://github.com/surjitr
mattylenepveu (Matthew Le Nepveu),9,0,0,1,1,https://github.com/mattylenepveu
sam-ross2048 (Sam Ross),4,0,2,1,1,https://github.com/sam-ross2048
Cosmo Rocke,9,0,0,0,0,https://github.com/CosmoRocket
SOPE - Melbourne SharePoint Consultants,1,0,0,0,0,https://github.com/sopewebtech
JoelGoodchild (Joel Goodchild),4,0,0,0,1,https://github.com/JoelGoodchild
nimelbIR (University of Melbourne - IR Group),1,0,0,1,0,https://github.com/unimelbIR
sanjoyroy (Sanjoy Roy),8,0,3,0,0,https://github.com/sanjoyroy
danielb003 (Daniel Bellino),8,0,0,0,0,https://github.com/danielb003
kstoeckl (Kurt Stoeckl),7,0,0,1,0,https://github.com/kstoeckl
Jacob-Ji (Jacob Ji),0,0,0,0,0,https://github.com/Jacob-Ji
mmano,0,0,2,1,2,https://github.com/mmanou
sana07 (Sayoni Biswas),2,0,0,1,1,https://github.com/sana07
elisabethvogel (Elisabeth Vogel),3,0,0,0,0,https://github.com/elisabethvogel
girlrilaz (Nina Raymond),6,0,0,0,0,https://github.com/girlrilaz
ruecleaning (End of Lease Cleaning Melbourne),0,0,0,0,0,https://github.com/truecleaning
sarejade (Sarah Jade Green),2,0,0,0,0,https://github.com/sarejade
gby915 (Bingyang GU),0,0,0,0,0,https://github.com/gby915
digiworkdesign (Michael Oztan),1,0,0,0,0,https://github.com/digiworkdesign
yinxuanl (yinxuan li),2,0,4,1,1,https://github.com/yinxuanl
charnisch09 (Curtis Harnisch),6,0,0,0,0,https://github.com/charnisch09
aelsharkawy (Amr Elsharkawy),0,0,0,0,0,https://github.com/aelsharkawy
jeromerault (Jerome Rault),0,0,1,0,0,https://github.com/jeromerault
anthonypiccolo (Anthony),0,0,13,0,0,https://github.com/anthonypiccolo
Jasonmh-macom (Jason M-H),0,0,0,0,1,https://github.com/Jasonmh-macom
MeganRoseEvans (Megan Rose Evans),1,0,0,0,0,https://github.com/MeganRoseEvans
Novacaine9 (Thorsten N.),0,0,0,0,0,https://github.com/Novacaine9
BMMLAB,1,0,0,0,0,https://github.com/bmmlab
State Empire,1,0,0,0,0,https://github.com/stateempire
MiscClubAccount (UMISC),0,0,0,1,2,https://github.com/MiscClubAccount
MiscClubAccount (UMISC),0,0,0,1,2,https://github.com/MiscClubAccount
abusufiaan (Abu Sufian),0,0,0,0,0,https://github.com/abusufiaan
Adposta (Adposta),0,0,0,0,0,https://github.com/Adposta
Appscore,0,0,0,0,0,https://github.com/appscore
mattian-yang (Matt Yang),2,0,0,0,0,https://github.com/mattian-yang
DanielBooth (Daniel Booth),2,0,0,1,2,https://github.com/DanielBooth
crxcom (CR-X Software Developers),1,0,0,0,0,https://github.com/crxcom
aganjotKaurSaini (Gaganjot Kaur Saini),5,0,0,0,0,https://github.com/GaganjotKaurSaini
andrewsmithdesign (Andrew Smith),1,0,0,1,0,https://github.com/andrewsmithdesign
PankajVashishta (Pankaj Vashishta),5,0,0,0,0,https://github.com/PankajVashishta
zohaibbadarpura (Zohaib Badarpura),5,0,0,1,0,https://github.com/zohaibbadarpura
paulegradie (Paul Gradie),6,0,2,1,0,https://github.com/paulegradie
RayMoore (Molin Zhao),4,0,0,0,0,https://github.com/RayMoore
Kawaljit (Kawaljit Singh),1,0,2,2,6,https://github.com/Kawaljit
george43g (George),2,0,6,0,0,https://github.com/george43g
lachlanwgordon (Lachlan Gordon),4,0,7,0,2,https://github.com/lachlanwgordon
fuqianggu (Fuqiang Gu),4,0,3,0,0,https://github.com/fuqianggu
rogman (Joan Kamaru),1,0,3,2,0,https://github.com/Grogman
SeleneBrianton (Selene Brianton),2,0,0,0,0,https://github.com/SeleneBrianton
cheapskiphire (cheapskiphiremelbourne),0,0,0,0,0,https://github.com/cheapskiphire
riteshmehtaau (Ritesh Mehta),2,0,0,1,1,https://github.com/riteshmehtaau
what-the-dev (Devin de Araujo),2,0,0,1,1,https://github.com/what-the-dev
Y-Axis-Registered Migration Agent Melbourne,0,0,0,0,0,https://github.com/Y-Axis-Australia
Yarradir (Find Furniture Removalists in Yarra Melbourne),0,0,0,0,0,https://github.com/Yarradir
yaxisaustralia (Y-Axis-Registered Migration Agent Melbourne),0,0,0,0,0,https://github.com/yaxisaustralia
debaditya-unimelb (Debaditya Acharya),3,0,0,0,0,https://github.com/debaditya-unimelb
qiaoycmelbourne (yuchenq),1,0,0,0,0,https://github.com/qiaoycmelbourne
KeithRuddell (Keith Ruddell),3,0,10,0,1,https://github.com/KeithRuddell
Kashian (Alireza Kashian),3,0,0,1,2,https://github.com/Kashian
Pollitt Bromley,1,0,0,0,0,https://github.com/pollittbromley
mickbyrne,0,0,0,0,0,https://github.com/mickbyrne
otalconcrete (totalconcrete),0,0,0,0,0,https://github.com/totalconcrete
maddtom1 (Tom),0,0,0,0,0,https://github.com/maddtom1
conf (tconf.io),0,0,0,0,0,https://github.com/tconf
Chrisarkalis (Chris Arkalis),0,0,0,0,0,https://github.com/Chrisarkalis
Shaba Digital Marketing,0,0,0,0,0,https://github.com/ShabaDigitalMarketing
ETRAFFIC-AUS (Cameron Francis),0,0,0,0,0,https://github.com/ETRAFFIC-AUS
whooshka (Whooshka - Park Instantly),1,0,1,0,2,https://github.com/whooshka
jakeymoreland (Jake Moreland),1,0,2,0,0,https://github.com/jakeymoreland
Royal Gurkhas Institute Of Technology,0,0,0,0,0,https://github.com/rgitaustralia
vanledesigner (Van Le),0,0,0,0,0,https://github.com/vanledesigner
davood-fattahi (Davood Fattahi),0,0,0,0,0,https://github.com/davood-fattahi
northern12 (northernhouseinspections),0,0,0,0,0,https://github.com/northern12
OnlineInven,0,0,0,0,0,https://github.com/OnlineInvent
leighstillard (Leigh Stillard),1,0,0,0,0,https://github.com/leighstillard
RiccardoAmorati (Riccardo Amorati),0,0,0,0,1,https://github.com/RiccardoAmorati
and-mine (AndMine),0,0,0,0,0,https://github.com/and-mine
rhysnhall (Rhys Hall),0,0,0,0,0,https://github.com/rhysnhall
Casey Cardinia Libraries,1,0,0,0,0,https://github.com/CaseyCardiniaLibraries
s3484378 (Ben Soutter),0,0,0,0,0,https://github.com/s3484378
jumblaa,0,0,0,0,0,https://github.com/jumblaau
gavin-twobulls (Gavin Davidson),0,0,0,1,2,https://github.com/gavin-twobulls
pacificpm (Charlie Raw),0,0,0,0,0,https://github.com/pacificpm
doug-6sense (6 Sense Web),0,0,0,0,1,https://github.com/doug-6sense
jpolak (Jason K.C. Polak),0,0,3,0,0,https://github.com/jpolak
drjmac (Jamie Mackay),1,0,0,0,0,https://github.com/drjmac
OwenGinn (Owen Ginn),0,0,0,0,0,https://github.com/OwenGinn
Redefinition Games,0,0,0,0,0,https://github.com/RedefinitionGames
ammoffat (Alistair Moffat),1,0,1,0,0,https://github.com/ammoffat
AlisonBennett (Alison Bennett),0,0,0,0,0,https://github.com/AlisonBennett
OwenGinn (Owen Ginn),0,0,0,0,0,https://github.com/OwenGinn
Redefinition Games,0,0,0,0,0,https://github.com/RedefinitionGames
ammoffat (Alistair Moffat),1,0,1,0,0,https://github.com/ammoffat
AlisonBennett (Alison Bennett),0,0,0,0,0,https://github.com/AlisonBennett
aaniahluwalia (Baani Ahluwalia),1,0,2,0,4,https://github.com/baaniahluwalia
rschofield (Robyn Schofield),2,0,0,0,1,https://github.com/rschofield
javaornettutor (William Wang),6,0,0,1,1,https://github.com/javaornettutor
SaraRon (Sara Ronald),5,0,0,0,0,https://github.com/SaraRon
petermacisaac (Peter MacIsaac),1,0,0,0,0,https://github.com/petermacisaac
grahambell92 (Graham Bell),1,0,0,0,0,https://github.com/grahambell92
auplishr (Rakesh Auplish),2,0,0,0,0,https://github.com/auplishr
weixuc (Weixu Chen),1,0,0,0,2,https://github.com/weixuc
Cameron86 (Cameron Francis),0,0,0,0,0,https://github.com/Cameron86
fivecentcollective (Hannah Nickels),0,0,0,0,0,https://github.com/fivecentcollective
yjchua,0,0,0,1,0,https://github.com/yjchua
hmcfadden (Holly McFadden),0,0,0,0,0,https://github.com/hmcfadden
nikithadarshan (Nikita),0,0,0,0,0,https://github.com/nikithadarshan
nbsproduction (nbsproduction),0,0,0,0,0,https://github.com/nbsproduction
amandaphoenix (Amanda),1,0,0,0,0,https://github.com/amandaphoenix
jameshealyio (James Healy),0,0,0,1,0,https://github.com/jameshealyio
RehanJaz (Rehan Jazeel),1,0,0,0,0,https://github.com/RehanJaz
Swaritdwivedi (Swarit Dwivedi),0,0,0,1,1,https://github.com/Swaritdwivedi
otalfloorpolishing,0,0,0,0,0,https://github.com/totalfloorpolishing
antiqueclocksmelbourne,0,0,0,0,0,https://github.com/antiqueclocksmelbourne
erianto (Erianto Sandjaja),0,0,0,0,0,https://github.com/erianto
vishal7581 (Vishal Chauhan),1,0,0,0,0,https://github.com/vishal7581
ryanbrown-iress (Ryan Brown),0,0,0,0,0,https://github.com/ryanbrown-iress
SapphireStudios (Sapphire Studios),1,0,0,0,0,https://github.com/SapphireStudios
edsahergom,0,0,1,0,0,https://github.com/edsahergom
dentitech1 (IDentiTech),0,0,0,0,0,https://github.com/identitech1
SentiusSystems (Sentius Systems),0,0,0,0,0,https://github.com/SentiusSystems
CodeHandsWarmHeart (Max Yuan),2,0,0,1,0,https://github.com/CodeHandsWarmHeart
adaptative1 (Adaptative),1,0,0,0,0,https://github.com/adaptative1
lackbirds07 (blackbirds07),0,0,0,0,0,https://github.com/blackbirds07
reversepools (Tom Burns),0,0,0,0,0,https://github.com/reversepools
pabrianijensen (Pete Abriani Jensen),0,0,1,0,0,https://github.com/pabrianijensen
wtfixair (WTFIX AIR),0,0,0,0,0,https://github.com/wtfixair
dnickonov (Daniel Nickonov),1,0,0,0,0,https://github.com/dnickonov
RedBeamSix (Andrew),0,0,0,0,0,https://github.com/RedBeamSix
michaeldejong375 (Michael de Jong),1,0,0,0,0,https://github.com/michaeldejong375
wtfixair (WTFIX AIR),0,0,0,0,0,https://github.com/wtfixair
dnickonov (Daniel Nickonov),1,0,0,0,0,https://github.com/dnickonov
appetency-recruitment (Appetency Recruitment Services),0,0,0,0,0,https://github.com/appetency-recruitment
Coworkspace (CoWorx),0,0,0,0,0,https://github.com/Coworkspace
hamiltonsci (Steve Smith),0,0,0,0,0,https://github.com/hamiltonsci
synergisolution (iSynergi solutions Pty. Ltd.),0,0,0,0,0,https://github.com/isynergisolution
Windy1980,0,0,0,0,0,https://github.com/Windy1980
danmedcraft (Dan Medcraft),0,0,1,1,2,https://github.com/danmedcraft
awashpressure (Awash Pressure Cleaning),0,0,0,0,0,https://github.com/awashpressure
digital247 (Digital twentyfourseven),0,0,0,0,0,https://github.com/digital247
DanielShaw465,0,0,0,0,0,https://github.com/DanielShaw465
Moosevellous,1,0,0,0,0,https://github.com/Moosevellous
guangliangwu (Guangliang Wu),0,0,0,0,0,https://github.com/guangliangwu
Studio72AU (Studio 72 Web Design),0,0,0,0,0,https://github.com/Studio72AU
volleyballer12 (Jenny Kenshole),0,0,0,0,0,https://github.com/volleyballer12
oliviap1983 (Olivia ),0,0,0,0,0,https://github.com/oliviap1983
aeolustechnologies (AeolusTech),0,0,0,1,1,https://github.com/aeolustechnologies
gravityrigging (Gravity Rigging & Machinery Pty Ltd),0,0,0,0,0,https://github.com/gravityrigging
ngmak5lb (Makoto Nogi),1,0,0,0,0,https://github.com/ngmak5lb
status-s (ALEX),0,0,0,0,0,https://github.com/status-s
jahnavipuram (jahnavipuram),0,0,0,0,0,https://github.com/jahnavipuram
FreddieIglesias,0,0,0,0,13,https://github.com/FreddieIglesias
seekvisa (Ian Arma),0,0,0,0,0,https://github.com/seekvisa
